Feature,Gain
acml_tr_pbmn_x,1.1610692739486694
fxas,1.02848219871521
