Feature,Gain
acml_tr_pbmn_x,2.867483377456665
acml_vol_x,1.6490962505340576
prdy_vrss_x,1.0153213739395142
prdy_vrss_sign_x,1.0148394107818604
flng_cls_code,0.6456077098846436
