Feature,Gain
prdy_vrss_sign_x,0.6998541355133057
acml_vol_x,0.6885663270950317
acml_tr_pbmn_x,0.5763018131256104
prdy_vrss_x,0.5440045595169067
