Feature,Gain
acml_vol_x,1.1490362882614136
acml_tr_pbmn_x,1.0332069396972656
