Feature,Gain
acml_tr_pbmn_x,0.7195538282394409
acml_vol_x,0.5406209826469421
prdy_vrss_x,0.44489723443984985
prdy_vrss_sign_x,0.35789236426353455
