Feature,Gain
cras,1.0766985416412354
grs,0.7405478954315186
thtr_ntin,0.6699041128158569
totl_aset_inrt,0.585986852645874
acml_tr_pbmn_x,0.5804075598716736
