Feature,Gain
acml_vol_x,0.896438479423523
acml_tr_pbmn_x,0.7639805674552917
