Feature,Gain
acml_vol_x,0.35246583819389343
acml_tr_pbmn_x,0.3489789664745331
prdy_vrss_x,0.34788137674331665
prdy_vrss_sign_x,0.23424549400806427
