Feature,Gain
prdy_vrss_x,5.62022066116333
acml_tr_pbmn_x,4.80439567565918
prdy_vrss_sign_x,3.108731508255005
acml_vol_x,1.9106227159500122
